"","Estimate","Std. Error","t value","Pr(>|t|)"
"(Intercept)",83.5460008333333,2.12928605499457,39.2366261157647,4.74968704391723e-95
"SitePSPST",-6.37810670673218,0.780746146883631,-8.16924519216722,3.6811327672067e-14
"specieslatbiACEMAC",5.83806173161344,2.27595295987657,2.56510650023718,0.01105835561012
"specieslatbiALNRUB",9.79679348170485,2.26254325153705,4.32999169189338,2.37211543494696e-05
"specieslatbiPOPTRI",11.2067231282064,2.45418308107785,4.5663761659071,8.73156825271502e-06
"specieslatbiTHUPLI",11.3205308567049,2.34455188833077,4.82844116739283,2.75651138908918e-06
"specieslatbiTSUHET",11.2075385200327,3.03646329542398,3.69098435568866,0.000289095824787686
