"","Estimate","Std. Error","t value","Pr(>|t|)"
"(Intercept)",65.1274550065723,7.06558007386549,9.21756661529728,1.70236043461141e-17
"SitePSPSPT",-6.94897178435001,4.29402728750195,-1.61828775624586,0.106930633076237
"SitePSPST",-20.3354877228671,2.51914039999928,-8.07239156772403,3.46617674314443e-14
"specieslatbiACEGLA",-20.6747905065723,9.85637098184704,-2.09760677075265,0.0369994720486025
"specieslatbiACEMAC",-2.00567597699307,7.27324285428543,-0.275760897466982,0.782972010069437
"specieslatbiALNRUB",10.6997970968446,7.00890844147942,1.52659963904253,0.128194011979453
"specieslatbiPOPTRI",15.4635123767171,7.68735962320533,2.0115505368109,0.0453994648642946
"specieslatbiTHUPLI",16.6857015543024,6.94998530017281,2.40082544547073,0.0171299593014732
"specieslatbiTSUHET",14.8262108387153,6.65725119762871,2.22707697194848,0.0268822405810542
