"","Estimate","Std. Error","t value","Pr(>|t|)"
"(Intercept)",44.4526645000001,6.94444014506016,6.40118765104786,1.10352491949429e-09
"SitePSPST",-20.3204704121212,2.54632057200673,-7.98032684317783,1.17781318548452e-13
"specieslatbiACEMAC",18.6612106818182,7.42277866600487,2.51404649410921,0.0127359079116731
"specieslatbiALNRUB",31.5431293098484,7.37904432758279,4.27469031347874,2.97997129074346e-05
"specieslatbiPOPTRI",36.1249541626262,8.00405726209855,4.51333029983281,1.09639519852954e-05
"specieslatbiTHUPLI",36.7737348792929,7.64650677973014,4.80922020193262,3.00448286762314e-06
"specieslatbiTSUHET",36.8338535393939,9.90310229021706,3.7194257375066,0.000260318655362729
