"","Estimate","Std. Error","t value","Pr(>|t|)"
"(Intercept)",96.893429,0.504687558123989,191.986957951113,5.3415606989036e-226
"SitePSPST",-2.25820832727273,0.185053983451941,-12.2029706421272,7.09708779610026e-26
"specieslatbiACEMAC",0.703058242424246,0.539450835659609,1.30328511135697,0.193998581810851
"specieslatbiALNRUB",1.59016538535353,0.536272440280954,2.96521929137444,0.00339831434040155
"specieslatbiPOPTRI",1.87583351313131,0.581695288649954,3.22476999510327,0.00147596363476173
"specieslatbiTHUPLI",1.86461435757576,0.555710288263576,3.35537130939596,0.000950835566853512
"specieslatbiTSUHET",1.9278699969697,0.719708487408733,2.67868175893114,0.00801580641224676
