"","Estimate","Std. Error","t value","Pr(>|t|)"
"(Intercept)",88.3811783333334,1.6128052149551,54.7996605627257,3.27659743730555e-121
"SitePSPST",-5.36099915023752,0.591367916159688,-9.06542104118797,1.25794580336675e-16
"specieslatbiACEMAC",4.17683328959871,1.72389651173045,2.42290257052959,0.0163014634617919
"specieslatbiALNRUB",7.17902176819409,1.71373946989463,4.18909752287814,4.22363456575996e-05
"specieslatbiPOPTRI",8.30199005947041,1.85889503307109,4.46608867729054,1.34063131690953e-05
"specieslatbiTHUPLI",8.28149061541633,1.77585604497012,4.66337946641145,5.7293798702851e-06
"specieslatbiTSUHET",8.20196324178542,2.29993702649409,3.56616861561992,0.000454699886699418
