"","Estimate","Std. Error","t value","Pr(>|t|)"
"(Intercept)",73.3469258333333,3.70737495092367,19.7840592883812,1.07919479384797e-48
"SitePSPST",-12.7916382976577,1.35938461682826,-9.40987424699815,1.33214349717115e-17
"specieslatbiACEMAC",9.28869225315315,3.96274186511239,2.34400638985091,0.0200741238982803
"specieslatbiALNRUB",16.0364727569669,3.93939374958769,4.07079712675214,6.78054917282993e-05
"specieslatbiPOPTRI",18.6681360238438,4.27306460699659,4.36879329960917,2.01863287197679e-05
"specieslatbiTHUPLI",18.5924437291892,4.08218187572757,4.5545358573411,9.18830167691098e-06
"specieslatbiTSUHET",18.3057641488288,5.28689319805023,3.46248041393759,0.000656414529147845
