"","Estimate","Std. Error","t value","Pr(>|t|)"
"(Intercept)",84.7737289999999,2.10805953694317,40.2141056807757,6.36637642646538e-97
"SitePSPST",-6.99566931262898,0.772963011244571,-9.05045805667343,1.38582029835363e-16
"specieslatbiACEMAC",5.63295641015561,2.25326434250005,2.49990926670668,0.0132388440468734
"specieslatbiALNRUB",9.59447073792242,2.23998831343554,4.28326821188058,2.87677665740334e-05
"specieslatbiPOPTRI",11.1744471667812,2.42971771563306,4.59907218640406,7.58103323328366e-06
"specieslatbiTHUPLI",10.9632774879224,2.32117941901724,4.72314953256141,4.40525127152056e-06
"specieslatbiTSUHET",10.9993186563145,3.00619327003142,3.65888606230547,0.000325172387317997
